Name,Phone,Exp_day,Card
Tamara Klichko,+380262727801,07/23,3519 6309 0423 9853
Natasha Poroshenko,+380183762259,12/73,5854 5217 1024 1570
Bogdan Bolischuk,+380707426742,11/38,0296 7779 9123 9081
Bogdan Klichko,+380667550049,02/86,6593 7824 9952 2718
Oleh Pupkin,+380294800683,02/67,4961 9531 3455 4328
Natasha Pupkin,+380112295186,04/86,4192 5972 7325 2895
Tamara Fedorenko,+380161311097,11/75,5401 8960 7981 1085
Natasha Bolischuk,+380228254128,02/21,2801 2089 1216 6190
Natasha Poroshenko,+380819115980,07/87,3628 3217 0298 6615
Oleh Pupkin,+380186312717,00/18,7432 0930 7924 5914
Oleh Marlin,+380991542493,02/65,8904 9553 2169 3584
Tamara Poroshenko,+380847555883,03/68,1414 3971 9788 0412
Oleh Marlin,+380000837719,08/49,1945 7792 1332 3126
Vasia Bolischuk,+380155710633,03/75,5288 7748 9144 7637
Bogdan Poroshenko,+380112105936,01/48,4283 9600 6981 0201
Vasia Pupkin,+380699245080,00/20,5462 7881 6114 2378
Vasia Poroshenko,+380954749625,03/59,6719 7825 5390 1516
Natasha Klichko,+380102154635,08/70,8174 6101 9709 7042
Oleh Poroshenko,+380386707539,03/82,7605 5903 8561 8732
Vasia Poroshenko,+380345727897,11/28,6472 1570 5846 0261
Vasia Fedorenko,+380977228370,03/69,1678 4970 2370 3990
Jenya Fedorenko,+380105322865,12/89,8441 0839 4157 8092
Jenya Pupkin,+380938918549,11/32,5050 0590 1555 0304
Jenya Pupkin,+380955573916,04/35,9421 5444 9305 4121
Jenya Fedorenko,+380528090097,00/90,1745 7225 7564 8134
Natasha Poroshenko,+380623553720,05/42,6161 9340 2866 0790
Natasha Pupkin,+380632683358,06/59,6703 1607 5007 5654
Natasha Poroshenko,+380298783547,08/66,6504 1971 4879 9078
Tamara Fedorenko,+380371125256,09/85,7402 3573 2477 0514
Oleh Poroshenko,+380133490859,00/22,4848 8940 0223 8687
Oleh Pupkin,+380547841913,06/82,0181 8877 6068 6005
Bogdan Marlin,+380682390793,02/82,9743 1222 4211 5977
Oleh Klichko,+380847052371,12/42,3971 3503 2652 6646
Vasia Bolischuk,+380089966071,11/93,4615 8597 7534 2752
Jenya Bolischuk,+380227816320,09/72,5775 1953 9890 8360
Jenya Bolischuk,+380944641818,01/66,3949 6728 0095 2566
Oleh Fedorenko,+380041166026,06/31,8325 5404 9660 5705
Natasha Fedorenko,+380514514702,12/27,3640 0525 6245 4293
Oleh Marlin,+380674516098,04/36,2289 2202 5051 5573
Natasha Marlin,+380583476232,03/99,1189 0356 7631 5572
Vasia Marlin,+380709835599,07/73,9733 9701 6639 6271
Jenya Poroshenko,+380141300685,05/79,4425 2686 9099 6762
Jenya Bolischuk,+380806977693,10/24,1348 5435 4967 8311
Oleh Marlin,+380864919674,11/66,8540 2950 8144 2075
Jenya Klichko,+380215424863,02/67,0460 9219 8315 2025
Vasia Marlin,+380192935112,06/29,1989 4096 7720 9326
Bogdan Pupkin,+380887247560,07/83,3798 6509 8452 9348
Natasha Bolischuk,+380951561492,00/55,0471 6531 3388 0353
Vasia Marlin,+380943115114,11/66,4606 8764 1161 5640
Natasha Bolischuk,+380018962326,12/60,5844 2013 7971 9275
Natasha Pupkin,+380397360208,02/99,9761 0939 5204 9858
Vasia Poroshenko,+380555917990,12/20,5170 5755 2628 8091
Tamara Fedorenko,+380462641583,11/63,1324 6472 7896 3604
Natasha Pupkin,+380561952958,10/81,3637 9450 1408 0130
Natasha Klichko,+380048339835,10/94,3231 7558 6239 7350
Jenya Poroshenko,+380987909020,08/94,3724 7059 1128 1740
Vasia Pupkin,+380992452080,09/50,6329 3605 4281 1103
Jenya Pupkin,+380023941517,06/42,8757 5088 9105 0965
Jenya Pupkin,+380837385116,07/77,3587 1628 4491 7958
Natasha Poroshenko,+380187239572,00/69,9415 9570 4521 9534
Tamara Fedorenko,+380148502049,04/34,8276 7837 8616 5310
Bogdan Poroshenko,+380940231557,01/35,6698 5828 3779 4744
Oleh Bolischuk,+380488810563,10/81,4801 4053 4973 4739
Jenya Bolischuk,+380050296432,02/22,1414 9666 4748 3444
Tamara Pupkin,+380252926747,08/60,0916 9314 5223 8669
Natasha Marlin,+380582644263,08/68,6535 4901 3489 0279
Natasha Pupkin,+380459714123,08/95,1880 7230 4949 9901
Jenya Pupkin,+380063527927,10/41,7085 5275 3766 2876
Natasha Fedorenko,+380785231135,06/88,9639 2143 7520 8765
Oleh Fedorenko,+380319493631,11/31,0409 7538 8800 8832
Vasia Poroshenko,+380096454000,04/71,4123 4509 5693 7027
Tamara Fedorenko,+380968689693,09/23,0085 5522 8527 1185
Oleh Bolischuk,+380515803453,12/86,9308 4238 3803 7033
Tamara Klichko,+380499464254,12/82,3415 8361 8228 8566
Jenya Poroshenko,+380823931472,04/19,1288 4144 2701 7784
Tamara Klichko,+380691599720,00/74,6663 9531 9925 1816
Natasha Klichko,+380230329182,11/48,1256 4899 2235 9726
Oleh Pupkin,+380203769104,09/83,4647 0947 3679 3370
Vasia Klichko,+380367351025,03/88,7726 5123 2542 5755
Jenya Bolischuk,+380638784749,02/82,4130 7104 2121 8117
Vasia Klichko,+380308571604,06/20,9951 3715 1326 4639
Oleh Klichko,+380045580171,00/90,2469 6207 0845 6221
Vasia Poroshenko,+380153504557,10/97,4197 7973 9765 9670
Jenya Poroshenko,+380085820403,06/93,4732 7046 3874 4544
Bogdan Klichko,+380650240392,02/87,6319 2237 5817 2420
Bogdan Fedorenko,+380660838849,06/91,6881 7674 1159 4885
Jenya Pupkin,+380517514151,08/19,8464 7766 0945 2128
Vasia Marlin,+380211856704,05/20,6523 2524 6622 0664
Bogdan Klichko,+380151906492,02/30,0799 7133 2733 2250
Natasha Klichko,+380561960425,06/76,2880 5181 9231 0000
Tamara Klichko,+380000883953,08/24,3217 2893 2536 1628
Oleh Pupkin,+380621554348,09/27,0162 6988 0526 0044
Jenya Pupkin,+380882230022,09/32,1230 2383 1271 2005
Natasha Klichko,+380533805535,06/24,2985 4470 0834 8720
Natasha Bolischuk,+380960486700,03/76,8704 3871 5235 2789
Tamara Fedorenko,+380957119047,11/92,9269 1118 9193 0130
Vasia Fedorenko,+380033848403,00/89,7548 1088 1067 6553
